,best fitness error,best fitness stdv,msle (subset),msle (all),r2 (subset),r2 (all),mae (subset),mae (all),ratio selected,selected features
0,0.18545809388327122,0.043183744906774776,-6.170895973394099e-05,-5.1257737079909485e-05,0.923201459292281,0.9286400128879144,-1.6104478950437844,-5.1257737079909485e-05,5,"['label', 'xF', 'yF', 'xRM', 'yRM']"
1,0.18486562901131837,0.044834437918304826,-6.198107160625862e-05,-5.1257737079909485e-05,0.9243863890361868,0.9286400128879144,-1.6089754129915081,-5.1257737079909485e-05,5,"['label', 'yF', 'wF', 'xRM', 'yRM']"
2,0.2095281062573721,0.03500922714553837,-5.265934502330698e-05,-5.1257737079909485e-05,0.933884963955844,0.9286400128879144,-1.5130265094780295,-5.1257737079909485e-05,6,"['imgNum', 'label', 'xRE', 'yRE', 'xLE', 'yRM']"
3,0.20441244446702603,0.08982931278432087,-0.00014352116813844926,-5.1257737079909485e-05,0.8264692287130068,0.9286400128879144,-2.494425419317945,-5.1257737079909485e-05,4,"['hF', 'yRE', 'xRM', 'xLM']"
4,0.20961022129253176,0.031053781243012505,-5.020767286989346e-05,-5.1257737079909485e-05,0.9337207338855247,0.9286400128879144,-1.5180919038415646,-5.1257737079909485e-05,6,"['label', 'ang', 'yF', 'yLE', 'yRM', 'xLM']"
