,best cost,msle (subset),msle (all),r2 (subset),r2 (all),mae (subset),mae (all),ratio selected,selected features
0,0.17999844013905603,-4.7207854123355e-05,-5.1257737079909485e-05,0.9341207667807115,0.9286400128879144,-1.4300941319261082,-5.1257737079909485e-05,5/17,"['xF', 'wF', 'yLE', 'xN', 'yRM']"
1,0.1819057362756842,-5.551814206767573e-05,-5.1257737079909485e-05,0.9303061745074552,0.9286400128879144,-1.537461588388395,-5.1257737079909485e-05,5/17,"['label', 'wF', 'yRE', 'xLE', 'yRM']"
