,best fitness error,best fitness stdv,msle (subset),msle (all),r2 (subset),r2 (all),mae (subset),mae (all),ratio selected,selected features
0,0.1783691166694767,0.03033015888191786,-4.564859105277666e-05,-5.1257737079909485e-05,0.9373794137198701,0.9286400128879144,-1.4197401414223936,-5.1257737079909485e-05,5,"['label', 'xF', 'wF', 'yLE', 'yRM']"
